horizon,model,MAE,RMSE,R2
H+1,SARIMAX,16508.61193843508,28500.50815734489,0.9963193466701072
H+2,SARIMAX,22980.361560347148,36288.844135440006,0.994018568231607
H+3,SARIMAX,27962.69446507852,40537.81755884851,0.9925177540933026
H+4,SARIMAX,33223.516725993875,46164.79860413922,0.9902710099626356
H+5,SARIMAX,37435.7339327063,51133.013248702424,0.988032658125053
H+6,SARIMAX,41402.32028986356,55384.161060338396,0.9859223619153956
H+7,SARIMAX,44905.97879470163,60500.22857020978,0.9831574485604428
